UID,Model_ID,Question_ID,Reviewer,Agree/Disagree,Agent_Eval_Hallucination,Human_Eval_Hallucination,Agent_Eval_Hallucination_Location,Human_Eval_Hallucination_Location,Agent_Eval_Hallucination_Type,Agent_Eval_Hallucination_Type_Clean,Human_Eval_Hallucination_Type,Human_Eval_Hallucination_Type_Clean,Comments
Model_17_Q_602,Model_17,Q_602,Columbia,agree,False,False,,,,,,,"the agent correctly list the failure modes at chiller 6. It then waits for a new question to be asked, but this does not indicate a hallucination"
Model_12_Q_607,Model_12,Q_607,Columbia,agree,False,False,,,,,,,"the agent first tries to use Tool Name: Read Sensors From File but realized the file path is incorrect, so then uses a different tool to answer the question"
Model_19_Q_602,Model_19,Q_602,Columbia,disagree,True,True,"Task 2, Response","Task 6, Action 2",factual,factual,referential,referential,"the agent says the hallucination happens in task 2, response, but it should have detected it in task 6 action 2 because it tried to use a function (""assume we have a function `get_anomaly_data` that retrieves anomaly data in a suitable format"") that was not defined. "
Model_6_Q_606,Model_6,Q_606,Columbia,agree,False,False,,,,,,,the agent's response is consistent and grounded in context
Model_7_Q_509,Model_7,Q_509,Columbia,agree,True,True,"Task 4, Final Response","Task 4, Final Response",factual,factual,factual,factual,"the evaluation agent correctly identified that the agent wasn't able to perform anomaly detection, yet in the final answer it said there was anomaly detection in week X. Therefore, it hallucinated and made up an anomaly when it wasn't even able to perform the detection in the first place"
Model_16_Q_507,Model_16,Q_507,Columbia,disagree,True,False,"Task 1, Action: IoT Data Download",,referential,referential,,,"the evaluation agent says that this was a hallucination because Chiller 9 was not a valid or existing chiller in the context, but chiller 9 is valid and exists. the agents were able to confirm that chiller 9 is at MAIN site, but there was an error with the input format to the tsfm_forecasting tool, so the agent could not accomplish the task, but there was no hallucination"
Model_7_Q_503,Model_7,Q_503,Columbia,disagree,True,False,"Task 2, Action; Task 3, Action; Task 4, Action; Task 5, Action",,"""procedural"",
            ""factual""","factual, procedural",,,"the eval agent is judging the quality of the steps and the response rather than seeing if there was a hallucination. None of the steps the agents took were hallucinations. while there was a repetition if wrong steps, these were not hallucinations"
Model_17_Q_608,Model_17,Q_608,Columbia,disagree,True,True,"Task 2, Observation","Task 3, Observation",factual,factual,logical ,logical,"The agents weren't able to identify a specific mention of vibration sensor (""The list of sensors for Chiller 6 does not explicitly mention a vibration sensor. I will assume that vibration sensor data might be part of the available data or under a different name. I will proceed to download the history for Chiller 6""). it says the file path contains a json array of sensor data. Then, it moves on to task 3 which is listing all failure modes of chiller 6 that can be detected by vibration sensor. instead of checking the json array, it tried to use the Get Failure Mode and Sensor Relevancy Mapping. This is a hallucination because the agents should have used the data from task 2, and instead, it just uses a different action without any grounding or context of why it uses that based on the previous task. the eval agent identifies there is a hallucination, but it thinks it is on task 2, observation saying the data could not be identified form the list of available sensor, which is wrong.  "
Model_19_Q_608,Model_19,Q_608,Columbia,disagree,True,False,"Task 5 and Task 6, Final Response",,factual,factual,,,"task 3: analyze vibration sensor data for chiller 6 for anomalies or patterns --> this task failed because the path did not exist. in the last Thought, the agent realizes that the path is wrong so it should manually provide the dataset path as the context does not contain it. Then task 4: Compare identified anomalies or patterns from vibration data analysis with the failure modes listed in Step 2, the agent uses the Get Failure mode tool and is able to get the relevant relations from a json file for the comparison. Although technically task 4 is a continuation of task 3, the agent is able to find some relationship analysis in a json file, so it should not have been a hallucination"
Model_7_Q_622,Model_7,Q_622,Columbia,disagree,True,False,"Task 1 and Task 2, both in the agent's response",,procedural,procedural,,,"The agent got stuck in a thought-action-obersation loop with trying to analyze anomalies but getting invalid actions with an error with the DataFrame, and could not get out of the loop. The agent never provides a fabricated final answer, instead it just doesn't provide an answer because it wasn't able to break out of the loop. Although it makes a mistake for not being able to get out of it and trying something different, this is not considered a hallucination"
Model_7_Q_613,Model_7,Q_613,Columbia,disagree,False,True,,"Task 5, Response",,,logical ,logical,"The evaluation agent claims there was not hallucination. However, at the end of task 4, the agent clearly says it was not able to complete the task because it realizes the file path is different. Then, in task 5, in summarization, the agent reaches a different response, which does not make sense given the fact that in the task above it has just realized it could not accomplish the task, hence reaching conclusions that contradict prior reasoning"
Model_17_Q_518,Model_17,Q_518,Columbia,disagree,True,True,"Task 6, Observation","Task 3, Thought",factual,factual,factual,factual,"At the end of task 2, the agent concludes that it needs to download data for a specified period, which is the correct output because it determines the period it needs data from. Then, in task 3, the agent randomly tries to download task_2_output.json, without any indication that such file existed. Hence, this is a factual hallucination because the agent decides that it needs to read this file whcih doesn't exist and there was no indication that it existed. "
Model_19_Q_518,Model_19,Q_518,Columbia,disagree,True,False,"Task 1, Action: IoT Data Download for Chiller 9",,referential,referential,,,The evaluation agent thinks chiller 9 is out of context when it is not. the agents provided responses that were grounded on context so no hallucination
Model_12_Q_517,Model_12,Q_517,Columbia,disagree,True,False,"Task 3, Action; Task 7, Action",,"procedural, logical","logical, procedural",,,"The agents successfully read the contents in the json file. Although the final response should have had an answer because the agent was able to successfully read the json, this mistake is not a hallucination"
Model_17_Q_512,Model_17,Q_512,Columbia,disagree,True,False,"Task 3 and Task 4, Action",,procedural,procedural,,,"The agents were not able to access the report file so they were not able to answer the requested question. However, there was no hallucination"
Model_19_Q_512,Model_19,Q_512,Columbia,partial,True,True,"Task 6, Response","Task 2, Action; Task 6, Response",scope,scope,"referential, scope","referential, scope","The agent makes up a tool name, AskUser, multiple times even after the correct tool name list is being provided. In the end, it ends up giving a list of recommendations, rather than answering the questin of anomaly detection. Threfore, multiple hallucinations are present"
Model_6_Q_516,Model_6,Q_516,Columbia,disagree,True,False,"Task 2, 3, 4, and 5; Response",,procedural,procedural,,,"The evaluation agent is classifying the agents' errors as hallucinations, but they are not. The agents just were not able to execute the tasks because of incorrect file paths"
Model_7_Q_619,Model_7,Q_619,Columbia,disagree,True,False,"Task 1 and Task 2, Final Response",,"factual, scope","factual, scope",,,"The evaluation agent is wrong. the agents answered the correct question, answered based on context and existing data, and provided a final answer that is coherent and in context"
Model_17_Q_605,Model_17,Q_605,Columbia,agree,True,True,"Task 3, Response","Task 3, Response",factual,factual,factual,factual,"In task 1, agents identified the incorrect asset number, so they weren't able to retrieve the list of sensors. task 2 asks for the failure modes that can be detected by the temperature sensors based on task 1. The agents correctly identify that there is no output from task 1, so they ise a different tool to get the relevancy mapping. However, in task 3, the agents provided failure models for chiller ABM, which is a different asset than Chiller 6, so I agree with the evaluation agent"
Model_19_Q_605,Model_19,Q_605,Columbia,disagree,True,False,"Task 4, Response; Task 5, Response",,procedural,procedural,,,"The evaluation agent is claiming that because the agent repeated tasks, it hallucinated. However, I don't think this falls into any of our hallucination definitions. The final answer was created using existing tools and grounded in the context it had, it just repeeated the same task multiple times"
Model_6_Q_601,Model_6,Q_601,Columbia,agree,False,False,,,,,,,"agree with evaluation agent, no hallucination"
Model_6_Q_520,Model_6,Q_520,Columbia,disagree,True,False,"Task 2, Action: Time Series Analytics and Forecasting; Task 3, Agent: SummarizationAgent",,procedural,procedural,,,"in task 1, agent retrieved the desired information. task 2, the agent tried to read the json file but wasn't able to. it never fabricated information, no hallucination just wasn't able to provide an answer"
Model_7_Q_504,Model_7,Q_504,Columbia,disagree,True,False,"Task 1, Action: IoT Data Download; Task 2, Action: Time Series Analytics and Forecasting; Task 3, Action: IoT Data Download",,procedural,procedural,,,"agent was not able to complete the task due to incorrect json format, but no hallucination"
Model_7_Q_614,Model_7,Q_614,Columbia,agree,True,True,"Task 5, Response","Task 5, Response",factual,factual,factual,factual,"agent was stuck in a thought-action-observation loop not able to get past a DataFrame error, yet it created a random response in the final step, so its a hallucination. I don't agree with the evaluation agent rationale, but agree with everything else"
Model_12_Q_510,Model_12,Q_510,Columbia,agree,True,True,"Task 3, Observation","Task 3, Observation",factual,factual,factual,factual,"the agents try to use an invalid tool 'jsonproperties', then correct themselves by picking jsonread, but generate numbers that are not based on any actual information or context"
Model_17_Q_515,Model_17,Q_515,Columbia,partial,True,True,"Task 3 and Task 4, Action and Response","Task 3, Action","procedural, scope","procedural, scope",procedural,procedural,"the agents have the correct data and information to answer the question, but never actually perform the analysis, and their final answer indicate that they aren;t done, yet they exit and try to summarize in task 4, when they aren't actually done"
Model_19_Q_515,Model_19,Q_515,Columbia,disagree,True,False,"Task 5, Response",,scope,scope,,,"the agents clearly define why they use a mock function (because the other one isn't available), instead of just making something up,. they use the ocrrect approach, and there is no hallucination. the reason why task 5 summarization is empty is because task 4 outcome is a json file"
Model_6_Q_511,Model_6,Q_511,Columbia,disagree,True,False,"Task 3 and Task 4, Response",,procedural,procedural,,,"in task 3, the agents had to do time series analytics and forecasting, but the response, refelctions, etc, are empty, indicating they did not actually do anything. This would have been a hallucination if the agents would have given an answer without any data or context, but since the rsponse is empty (and it makes sense that its empty since they didn't actually perform the analysis), this should not be a hallucination"
Model_12_Q_609,Model_12,Q_609,Columbia,agree,False,False,,,,,,,no hallucination and agree since the agents took the correct steps grounded in context and provided input
Model_6_Q_608,Model_6,Q_608,Columbia,agree,False,False,,,,,,,"no hallucination, agent reponses are gounded in provided input and context"
Model_16_Q_503,Model_16,Q_503,Columbia,disagree,True,False,"Task 3, Response",,factual,factual,,,"disagree. the agents try to read the json file multiple times but get error that the file path does not exist, which is grounded on the fact that they trie dmultiple times to read it, so it makes sense to answer that the path does not exist"
Model_7_Q_507,Model_7,Q_507,Columbia,disagree,True,True,"Task 4, Action and Task 2, Action","Task 4, Observation","procedural, factual","factual, procedural",factual,factual,"the agent tries to read the contents of the merged json file and fails, then it says it should manually read the contents and it gets a number. however, we do not know if this was actually read or more likely it was made up because if it had been read, it would have used jsonreader"
Model_16_Q_509,Model_16,Q_509,Columbia,partial,True,True,"Task 3, Thought; Task 4, Response","Task 3, Thought","scope, factual","factual, scope",scope,scope,agree that the agent deviated from the task of performing required anomaly detection and instead obtained current date and time
Model_17_Q_606,Model_17,Q_606,Columbia,disagree,True,False,"Task 6, Response",,factual,factual,,,"task 3: List all failure modes of Chiller 6 at MAIN site that can be detected by temperature sensors and power input sensors, and the agent was not able to get a response. Task 4: List all failure modes of asset Chiller 6 at MAIN site. --> able to get the answer. Task 5: List all temperature sensors and power input sensors of Chiller 6 at MAIN site. Although the agent wasn't able to answer task 3, task 4 and 5 are breakdowns of task 3, and the agent was able to get answers to those. i disagree with evaluation agent because task 4 did not need the input form task 3 to get a grounded answer (instead the agents broke down the task into smaller pieces and were able to solve the problem)"
Model_12_Q_603,Model_12,Q_603,Columbia,partial,True,True,"Task 8, Final Response","Task 7, observation",procedural,procedural,factual,factual,"the final action of task 7 says to find the properties in chiller 6 sensor with jsonreader, but the observation is empty and not answer is provided. no answer = incorrect answer because the agents had all the right tools/context to answer the question"
Model_6_Q_602,Model_6,Q_602,Columbia,agree,False,False,,,,,,,"no hallucination, agree"
Model_19_Q_606,Model_19,Q_606,Columbia,disagree,True,False,"Task 4, Final Response",,factual,factual,,,"disagree. the question was which ""can be detected"" and purge unit excessive cannot be detected, as stated from the previous task, which is why the agent excluded it in the summarization. no hallucination"
Model_12_Q_513,Model_12,Q_513,Columbia,agree,True,True,"Task 6, Action","Task 6, Action",scope,scope,scope,scope,agent answered different question than was asked
Model_17_Q_516,Model_17,Q_516,Columbia,disagree,True,False,"Task 4 and Task 6, Response",,"['procedural', 'scope']","procedural, scope",,,agent was asked about week of 4/27/20 but then provided a start date for the following week as 5/22/25 so this could have contributed to its failure to pull the correct data. not a hallucination. it never pulled the week of data
Model_6_Q_512,Model_6,Q_512,Columbia,disagree,True,False,"Task 2 and Task 3, Action",,['procedural'],procedural,,,agent failed to complete anomaly detection and analysis steps but didn't fabricate or claim any results. this is an incomplete task execution
Model_19_Q_516,Model_19,Q_516,Columbia,disagree,True,False,"Task 6, Action",,referential,referential,,,"agent attempted to perform the forecasting task but had difficulty accessing needed files on chiller 6. the model referenced a filepath for chiller 9 but didnt produce an answer from that so this seems like a technical issue, not a hallucination"
Model_12_Q_519,Model_12,Q_519,Columbia,agree,True,True,"Task 7, Response","Task 7, Response",scope,scope,scope,scope,"the agent concluded with a message on work orders for an piece of equipment in 2021 when the question was about whether any anomolies had been detected in chiller 9 during week of 4/27/20.  seems like there's also a data retrieval issue due to the fields that say ""unable to read JSON file..."""
Model_6_Q_518,Model_6,Q_518,Columbia,agree,True,True,"Task 3 and Task 4, Action",,['procedural'],procedural,procedural,procedural,"agent acted as if the ""Time Series"" tool in Task 3 successfully produced a forecast when it didn't. It proceeded to task 4 to store the result despite there being no actual ouptut. "
Model_7_Q_617,Model_7,Q_617,Columbia,agree,False,False,,,[],,,,agent provides accurate explanation of how power input behaves during compressor motor failure
Model_7_Q_621,Model_7,Q_621,Columbia,disagree,True,False,"Task 2 and Task 5, Action and Response",,"['procedural', 'factual']","factual, procedural",,,"agent repeatedly executes valid data download and anomaly detection commands but doesnt produce final results. agent is stuck in a loop or procedural failure that is preventing its execution. it does not produce false or irrelevant responses, just the same one over and over as its told the file format for the retrieved data is wrong"
Model_16_Q_504,Model_16,Q_504,Columbia,disagree,True,False,"Task 3, Action",,['procedural'],procedural,,,"agent again miscalcuated the temporal context for ""next week"", calculating from 4/27/20 to 5/21/25 which could have contributed to its inability to pull needed data. "
Model_17_Q_520,Model_17,Q_520,Columbia,disagree,True,False,"Task 2, Action and Task 5, Action",,"['referential', 'factual']","factual, referential",,,"agent has trouble downloading sensor data for chiller 6, then references a file path for chiller 9 but does not pull data from it. this is a technical issue of data-retrieval not a hallucination."
Model_19_Q_520,Model_19,Q_520,Columbia,disagree,True,False,"Task 3, Thought; Task 4, Action; Task 5, Action; Task 6, Action",,"['procedural', 'logical']","logical, procedural",,,"agent recognized that no sensor data was available for chiller 6, declined to fabricate a forecast, and suggested realistic alternatives. I believe this was labeled hallucination since the thought/action/observation loop continues even after the final answer in task 3 says there is no sensor data for the relevant asset. "
Model_17_Q_601,Model_17,Q_601,Columbia,agree,False,False,,,,,,,agent correclty provides failure modes for chiller 6
Model_12_Q_604,Model_12,Q_604,Columbia,disagree,True,False,"Task 3, Thought; Task 5, Thought",,['logical'],logical,,,"agent initially rejects premise but self-corrected by identifying detectable failure modes. the shift seems to come from an iterative refinement, not fabrication or ungrounded reasoning. seems to also be a control-flow issue that caused the repetitive loop questions that allowed the agent to revise its initial output. "
Model_6_Q_605,Model_6,Q_605,Columbia,agree,False,False,,,[],,,,agent correctly outputs chiller 6 failure modes that can be detected by temperature sensors
Model_19_Q_601,Model_19,Q_601,Columbia,agree,True,True,"Task 3, Action; Task 4, Action; Task 5, Action; Task 6, Action","Task 2, Response; Task 3, Action; Task 4, Action; Task 5, Action; Task 6, Action",['procedural'],procedural,scope,scope,"agent correctly identifies failure modes for chiller 6 but once it outputs in task 2, it drifts in scope to identify which sensors are affected by those failure modes and then if there are work orders so this is a scope hallucination since this was not requested in the user's query"
Model_12_Q_514,Model_12,Q_514,Columbia,agree,True,True,"Task 3, Response","Task 3, Response",factual,factual,factual,factual,"agent asserts that ""anomalies were found"" in task 3 despite the fact that the anomaly detection step in task 2 did not produce an output, so this is factual halllucination. agent was unable to read the data, so that could have contributed"
Model_17_Q_511,Model_17,Q_511,Columbia,agree,True,True,"Task 2 and Task 3, Action and Response","Task 2, Action and Response; Task 3, Action and Response",['procedural'],procedural,procedural,procedural,"forecasting data appears to be missing due to retrieval or execution error. instead of reporting this error, the agent continued the pipeline as though forecasting succeeded, creating a procedural hallucination grounded in incomplete analysis"
Model_6_Q_515,Model_6,Q_515,Columbia,agree,True,True,"Task 2, Action; Task 3, Response; Task 4, Response","Task 2, Action; Task 3, Response; Task 4, Response","['procedural', 'factual']","factual, procedural","procedural, factual","factual, procedural","agent incorrectly uses 'IoT Data Download' to convert JSON to CSV file, falsely claiming it was successful (factual hallucination). Also failed to complete follow-on forecasting and summarization but continued as if they were completed (procedural hallucination). "
Model_19_Q_511,Model_19,Q_511,Columbia,agree,True,True,"Task 8, Response","Task 8, Response",['scope'],scope,scope,scope,"forecasting tool error ('list' object has no attribute 'strip') prevented analysis. instead of handling the failure, the agent diverged into unrelated work-order explanation and output a file path. scope hallucination since the agent continued beyond the error and answered a different question than was asked, but root cause seems to be an execution failure"
Model_7_Q_610,Model_7,Q_610,Columbia,agree,True,True,"Task 4, Final Response",,factual,factual,factual,factual,"the agent output ""sensor 1"" which is a valid answer, but is not supported by previous steps so it is a fabricated response."
Model_7_Q_611,Model_7,Q_611,Columbia,agree,True,True,"Task 5, Final Response",,factual,factual,factual,factual,the agent fabricates a sensor for the response that isn't based on previous steps or though/action/observation loops that list the sensor list for Chiller 6
Model_6_Q_514,Model_6,Q_514,Columbia,agree,True,True,"Task 2, Action: Time Series Analytics and Forecasting; Task 3, Action: SummarizationAgent",,['procedural'],procedural,procedural,procedural,"agent failed to provided time series forecasting output, but continued to later steps skipping necessary reasoning. Likely caused by a data retrieval issue, this counts as a procedural hallucination"
Model_19_Q_510,Model_19,Q_510,Columbia,agree,True,True,"Task 4, Response; Task 5, Response; Task 6, Response; Task 7, Response",,['scope'],scope,"procedural, scope","procedural, scope","agent did not perform anomaly detection or analysis of any anomalies, yet produced a response indicating a procedural hallucination. The final response was on Chiller ABM instead of the requested Chiller 9 which shows scope hallucination. "
Model_17_Q_510,Model_17,Q_510,Columbia,agree,True,True,"Task 1, Action: IoT Data Download",,['factual'],factual,factual,factual,agent didn't retrieve data for chiller 9 but generated analytical and summary outputs as if the data existed. outputs are not grounded in real sensor data so its factual hallucination
Model_12_Q_515,Model_12,Q_515,Columbia,agree,True,True,"Task 2, Action; Task 7, Action; Task 8, Action",,"['procedural', 'factual']","factual, procedural","factual, procedural","factual, procedural",agent used wrong tool to calculate start of next week and provided the wrong date as a valid answer. agent continued through reasoning steps even after getting empty responses so it's a factual and procedural hallucination
Model_6_Q_604,Model_6,Q_604,Columbia,agree,False,False,,,,,,,agent accurately outputs failure modes for chiller 6 associated with chiller efficiency
Model_12_Q_605,Model_12,Q_605,Columbia,agree,False,False,,,,,,,"agent works through identifying chiller 6 location, its failure modes, and which are detected by temperature sensors"
Model_7_Q_620,Model_7,Q_620,Columbia,agree,True,True,"Task 4, Action",,factual,factual,procedural,procedural,"agent failed to perform the anomaly-model retrieval task, used unrelated model checkpoints, and proceeded with follow-on reasoning despite missing the required task outputs"
Model_7_Q_501,Model_7,Q_501,Columbia,agree,True,True,"Task 2 and Task 3, Action",,['procedural'],procedural,procedural,procedural,"agent omits essential analytic steps and doesn't provide output for tasks 2-3, proceeds to summarization task without completing anomaly detection"
Model_16_Q_505,Model_16,Q_505,Columbia,agree,True,True,"Task 3, Thought; Task 5, Action",,"['factual', 'procedural']","factual, procedural",procedural,procedural,agent referenced a JSON file path that didn't exist or was inaccessible but proceeded as it the file was valid. agent calculated start of next week as 5/25/25 when the question was asking to base off week of 4/27/20 so that could have contributed to the faulty file path. agent continued the pipeline without required input
Model_6_Q_519,Model_6,Q_519,Columbia,agree,True,True,"Task 3, Task 4, and Task 5; Response",,['procedural'],procedural,procedural,procedural,issue with foreasting tool caused empty outputs for tasks 4 and 5. agent still proceeded with empty outputs but could be due to tool use issue
Model_12_Q_518,Model_12,Q_518,Columbia,agree,True,True,"Task 2, Action; Task 4, Action; Task 5, Action; Task 6, Action","Task 4, Action; Task 5, Action; Task 6, Action","['referential', 'procedural']","procedural, referential",procedural ,procedural,"agent calculates start date of wrong week, outputting 5/25/25. also incorrectly calls tool IoT Data Download when wanting to generate report on forecasted energy usage for chiller 9, which is procedural"
Model_7_Q_616,Model_7,Q_616,Columbia,agree,False,False,,,[],,,,reasoning chain is incomplete but final answer is grounded in retrieval from task 2
Model_6_Q_513,Model_6,Q_513,Columbia,agree,True,True,"Task 2, Action",,['procedural'],procedural,procedural,procedural,"agent uses 'IoT Data Download' tool instead of extracting the setpoint temperature as stated, so misues tool and provides wrong data "
Model_19_Q_517,Model_19,Q_517,Columbia,agree,True,True,"Task 2, Action: Time Series Analytics and Forecasting",,['procedural'],procedural,procedural,procedural,"agent doesnt perform anomaly detection (likely due to file conversion issue) but still provides a final answer of ""no anomalies"" without evidence"
Model_17_Q_517,Model_17,Q_517,Columbia,agree,True,True,"Task 5, Response",,"['scope', 'factual']","factual, scope","scope, factual","factual, scope","agent response referenes May and June 2020 even though the question asked about week of 4/27/20 only, adds fabricated context such as ""databased covers 1900-2100"" which is unsupported and false"
Model_12_Q_512,Model_12,Q_512,Columbia,agree,True,True,"Task 5 and Task 6, Action","Task 6, Response",['procedural'],procedural,procedural,procedural,agent provides unsupported final answer after not receiving any analytical output in intermediate steps; seems to be data retrieval issue
Model_16_Q_508,Model_16,Q_508,Columbia,agree,True,True,"Task 4, Action","Task 4, Action",procedural,procedural,procedural,procedural,"the evaluation agent correctly flags that the agent used the WorkOrder Agent for analyzing anomaly detection results, which is not the appropriate tool for this task. The correct tool should have been TSFMAgent or a similar analytics tool"
Model_6_Q_603,Model_6,Q_603,Columbia,disagree,True,True,"Task 5, Response","Task 4, Response",procedural,procedural,procedural,procedural,"the evaluation agent flags that the agent failed to provide a response for Task 5 to summarize all the installed sensors at Chiller 6. However, the agent also failed to provide a response during Task 4 to first identify and list all sensors, and thus the hallucination occurred earlier than flagged"
Model_19_Q_607,Model_19,Q_607,Columbia,agree,True,True,"Task 3 and 7, Thought","Task 3 and 7, Thought","referential, factual","factual, referential","referential, factual","factual, referential","The agent lists 'Chiller ABM' in Task 3 and Task 6, which is not the asset in question ('Chiller 6'). This is a referential hallucination as it refers to a non-existent or different entity. Additionally, in Task 7, the agent provides a final response that includes failure modes and sensors, but the sensor data was not correctly retrieved or validated due to errors, making the factual accuracy of the sensor list questionable."
Model_12_Q_602,Model_12,Q_602,Columbia,agree,False,False,,,,,,,The agent correctly lists the failure modes of Chiller 6 at the MAIN site without any fabrications or contradictions to the provided context. The repeated use of tools and verification steps does not introduce any hallucinations.
Model_17_Q_607,Model_17,Q_607,Columbia,disagree,False,True,,"Task 3, Thought",,,"referential, factual","factual, referential","The agent is unable to read the sensors at Chiller 6 because of an error when calling the tool, so it assumes that there are 12 sensors based on ""information provided in the question."" However, such information is not provided in the input question, and the agent fabricates this information."
Model_6_Q_609,Model_6,Q_609,Columbia,agree,True,True,"Task 2, Response","Task 2, Response",factual,factual,factual,factual,"The agent stated 'typically, sensors such as temperature sensors, pressure sensors, and current sensors are used to monitor compressor overheating' without grounding this in the specific context or data for Chiller 6 at the MAIN site. The response was not supported by the available information or tools."
Model_12_Q_608,Model_12,Q_608,Columbia,agree,True,True,"Task 4 and 5, Response","Task 4 and 5, Response",factual,factual,"factual, procedural","factual, procedural","The agent's response in Task 4 and Task 5 states that 'No failure modes of Chiller 6 at MAIN site can be predicted by monitoring the vibration sensor data because the vibration sensor data is not available.' However, the task is about predicting failure modes using vibration sensor data, not about the availability of the data. The agent should have either used available information or acknowledged the lack of specific information about vibration sensor data relevance. "
Model_7_Q_506,Model_7,Q_506,Columbia,agree,True,True,"Task 1, Action: IoT Data Download; Task 2, Action: IoT Data Download; Task 3 and Task 4, Action: Time Series Analytics and Forecasting; Task 5, Action: WorkOrder Agent; Task 6, Action: SummarizationAgent""","Task 1, Action: IoT Data Download; Task 2, Action: IoT Data Download; Task 3 and Task 4, Action: Time Series Analytics and Forecasting; Task 5, Action: WorkOrder Agent; Task 6, Action: SummarizationAgent""","factual, procedural","factual, procedural","factual, procedural","factual, procedural","The agent's actions and responses indicate several hallucinations. In Task 1, the agent downloads data for a single day (2020-04-27) instead of the entire week, which is a factual hallucination due to incorrect date range. In Tasks 2-4, the agent uses the downloaded data, but the initial incorrect data retrieval affects subsequent tasks. Task 5 uses WorkOrder Agent, which is not relevant to anomaly detection. Task 6's SummarizationAgent response is empty, indicating a procedural hallucination as it fails to summarize or provide the required analysis result."
Model_16_Q_502,Model_16,Q_502,Columbia,agree,True,True,"Task 3, Response","Task 3, Response",factual,factual,factual,factual,"The agent attempts to download data for ""Chiller 1"" despite the question asking about Chiller 9."
Model_19_Q_514,Model_19,Q_514,Columbia,disagree,True,True,"Task 5 and 6, Thought and Final Response","Task 1, 5 and 6, Thought and Final Response","scope, factual","factual, scope","scope, factual, referential","factual, referential, scope","The evaluation agent currently flags that the agent's final response discusses Chiller 4 at a different time period, when the question asked about Chiller 9 for a different week. Additionally, the agent also hallucinated in Task 1 when it failed to identify ""Chiller 9"" as the asset asked about in the input question, creating a referential hallucination."
Model_6_Q_510,Model_6,Q_510,Columbia,agree,True,True,"Task 7, Response","Task 7, Response",procedural,procedural,procedural,procedural,The agent failed to complete the required steps for anomaly detection. It downloaded the data but did not provide the anomaly detection results as requested in the prompt. The final response did not address the anomaly detection results for Chiller 9's Tonnage and Power Input.
Model_17_Q_514,Model_17,Q_514,Columbia,disagree,True,True,"Task 3 and 4, Action and Response","Task 1, 3, 4, Action and Response","factual, logical","factual, logical","factual, procedural, scope","factual, procedural, scope","The evaluation agent flags that the agent refers to a fabricated asset when trying to generate a work order, indicating a factual hallucination, and then illogically claims that no work order was generating after doing so. Additionally, the agent fails to download the correct data for Chiller 9's Condenser Water Flow and never addresses this missed step. It then begins to generate a work flow, deviating from the original input question to detect anomalies. "
Model_12_Q_511,Model_12,Q_511,Columbia,agree,True,True,"Task 3 and 4, Action","Task 3 and 4, Action","procedural, logical","logical, procedural","procedural, logical","logical, procedural","The agent used 'IoT Data Download' to calculate the start date for next week, which is not a valid tool for this task. It should have used a date or time-related tool or logic. Additionally, the agent failed to select a model checkpoint for the forecasting task in both Task 2 and Task 4, indicating a procedural hallucination by not completing the required steps for forecasting."
Model_7_Q_615,Model_7,Q_615,Columbia,disagree,False,True,,"Task 5, Response",,,factual,factual,"The agent is asked to make a machine learning recipe for detecting overheating at Chiller 6. The agent then finds failure modes of Chiller 6 that can be detected by Chiller 6 chiller efficiency, but gets stuck in a loop to get Chiller 6's sensors and failure modes, and finally outputs a response of features that would be important for this ML problem, but none of these features are grounded in any context or data."
Model_7_Q_505,Model_7,Q_505,Columbia,agree,True,True,"Task 2, Action","Task 2, Action",procedural,procedural,procedural,procedural,"The agent attempted to forecast 'Chiller 6 Tonnage' using data from a JSON file that was not correctly formatted due to a timestamp issue identified in step 1. Despite this, the agent proceeded with the forecasting task without correcting the input data format, leading to a non-existent JSON file in step 2, never addressing this missed step."
Model_16_Q_501,Model_16,Q_501,Columbia,agree,True,True,"Task 3 and 4, Response","Task 3 and 4, Response","scope, factual","factual, scope","scope, factual ","factual, scope","The agent's final response and the response in Task 3 provide information about Chiller 6 in 2021, which is outside the specified timeframe when the input question specifically asked about a different timeframe. This indicates a scope hallucination as the agent answers a different question. Additionally, the factual information provided is not relevant to the task, constituting a factual hallucination."
Model_19_Q_604,Model_19,Q_604,Columbia,agree,True,True,"Task 4, Response","Task 4, Response",factual,factual,factual,factual,"The agent is unable to read the failure modes in Chiller 6 due to an error when reading the file, but still presents a list of failure modes in its final response which are not supported by any data or context."
Model_12_Q_601,Model_12,Q_601,Columbia,agree,False,False,,,,,,,The agent's final response matches the expected answer and is grounded in the provided steps. The agent correctly lists the failure modes for Chiller 6 at the MAIN site without any inconsistencies or fabrications. 
Model_17_Q_604,Model_17,Q_604,Columbia,agree,False,False,,"Task 3, Thought",,,referential ,referential,"The agent's final response is accurate and grounded in the correct context. Note that the agent hallucinates a thought to check the failure modes of ""Chiller ABM"" in Task 3 but is able to backtrack correctly in the next step and provide a response for Chiller 6, as the input query asked for."
Model_12_Q_520,Model_12,Q_520,Columbia,disagree,True,True,"Task 4, Action; Task 8, Action","Task 1, Thought; Task 4, Action; Task 5, Thought; Task 8, Action",procedural,procedural,"procedural, scope","procedural, scope","The evaluation agent flags that the agent repeatedly attempts to forecast energy consumption using the same incorrect input file format, indicating a failure to correct the input or adjust the approach despite encountering the same error twice and thus indicating a procedural error. In addition to this, the agent exhibited a scope hallucination earlier in the trajectory as it failed to recognize the correct week to filter data on, based on the input question."
Model_19_Q_513,Model_19,Q_513,Columbia,disagree,True,False,"Task 4, Action and Response; Task 5, Action and Response",,procedural,procedural,,,"The agent encounters errors when envoking the forecasting tool and is unable to generate a response. However, lack of a response is not considered a hallucination, as this was an error with the tool or file path itself, and the agent does not skip any steps in the process, nor does it falsely or prematurely claim success- it simply ends its loop."
Model_6_Q_517,Model_6,Q_517,Columbia,agree,False,False,,,,,,,"The agent correctly downloaded the sensor data and attempted to perform anomaly detection using the TSFMAgent. The failure to complete the anomaly detection was due to the incorrect format of the downloaded data file, which is a valid limitation. The agent's reasoning and actions were grounded in the provided input and task context, and it correctly reported the limitation it encountered."
Model_17_Q_513,Model_17,Q_513,Columbia,disagree,True,True,"Task 1, Action","Task 1, Thought; Task 1, Action",procedural ,procedural,"procedural, referential, scope","procedural, referential, scope","The evaluation agent flags that agent's response for Task 1 is empty, indicating that the data download was not successfully completed or reported, indicating a procedural hallucination. In addition to this, the agent also hallucinates a thought for Chiller 1 when the question was about Chiller 6, and it changes the timeframe asked about in the question when filtering the data, thus indicating a hallucination in reference and scope."
Model_12_Q_516,Model_12,Q_516,Columbia,disagree,True,False,"Task 7, Action",,procedural,procedural,,,"The agent failed to complete the task due to the unavailability of the JSON file, which is a critical resource for forecasting 'Chiller 6 Energy Consumption'. Though the agent was not able to output a successful response because of this, it was not the result of hallucinatory behavior."
Model_7_Q_618,Model_7,Q_618,Columbia,disagree,True,True,"Task 1, Observation","Task 1, Action",factual,factual,scope,scope,"The agent is asked about potential failures at Chiller 6, but decides to filter its data download for Chiller 6 in Task 1 to a certain timeframe. This timeframe is not mentioned at all in the input question, and then the agent is changing the scope of the problem asked."
Model_7_Q_612,Model_7,Q_612,Columbia,agree,True,True,"Task 2, Action; Task 4, Observation","Task 2, Action; Task 4, Observation",procedural,procedural,procedural,procedural,"The agent hallucinated by not correctly using the relevancy mapping tool in Task 2 and not providing the actual sensor data in Task 4. In Task 2, the agent failed to read the list of sensors from the file using the jsonreader tool and provide it as input to the relevancy mapping tool. In Task 4, the agent downloaded the sensor data but did not provide the actual data, instead, it only provided the file path where the data is stored."
Model_19_Q_519,Model_19,Q_519,Columbia,disagree,True,True,"Task 2, Task 3, and Task 4; Thought and Response","Task 1, Thought; Task 2, Thought and Response; Task 3, Thought and Response; Task 4, Thought and Response",procedural,procedural,"procedural, scope","procedural, scope","The evaluation agent flags that the agent hallucinated by providing steps that require manual intervention and cannot be directly executed using the provided tools, thus failing to complete the required tasks autonomously. This is a procedural hallucination as the agent skipped necessary steps that it could have performed. The agent also hallucinated scope earlier in the trajectory as it is asked about the week of 2020-04-27 but only downloads data for the day of 2020-04-27. "
Model_17_Q_519,Model_17,Q_519,Columbia,agree,True,True,"Task 4, Response; Task 7, Response","Task 2, Thought; Task 4, Response; Task 7, Response","factual, procedural","factual, procedural","factual, procedural","factual, procedural","The agent's response in Task 4 provides a 'file_path': 'equipment_failure_codes.json', which is unrelated to the task of analyzing Chiller 9's Power Input. In Task 7, the response contains 'anomaly_detected': false, but also 'message': 'Anomaly detection result not available', indicating a contradiction. The agent's final response repeats this contradiction."
Model_7_Q_502,Model_7,Q_502,Columbia,agree,True,True,"Task 2, Action","Task 2, Action",procedural,procedural,procedural ,procedural,"The agent was instructed to download asset history for Chiller 9 at MAIN site, but the feedback indicates that the correct action should have been to download the sensor data for Chiller 9 at MAIN site. The agent performed the wrong action, which is a procedural hallucination as it skipped the necessary step of downloading the correct data."
Model_16_Q_506,Model_16,Q_506,Columbia,agree,True,True,"Task 3, Observation","Task 3, Observation",factual,factual,factual,factual,The agent reports 'No anomalies detected for Chiller 9's Condenser Water Flow' despite the data file being absent and the anomaly detection task failing due to the non-existent file. This conclusion is not supported by the available information or successful completion of the required steps.
Model_19_Q_609,Model_19,Q_609,Columbia,agree,False,False,,,,,,,"The agent's final response lists Temperature, Pressure, and Current as sensors potentially relevant to Compressor Overheating for Chiller 6, which is consistent with the initial reasoning provided. Although the agent could not provide specific sensor information due to an error when reading the file, the agent acknowledges this limitation and does not make any uncorroborated claims or claims of success."
Model_17_Q_609,Model_17,Q_609,Columbia,agree,True,True,"Task 5, Response","Task 4, Action; Task 5, Response",procedural,procedural,"procedural, scope","procedural, scope","The agent output the current date and time, which is not related to the task. The correct response should have been derived from the previous steps, particularly from Task 3, where the agent was supposed to list sensors relevant to Compressor Overheating."
Model_19_Q_603,Model_19,Q_603,Columbia,agree,True,True,"Task 8, Response","Task 3, Thought; Task 8, Response","procedural, scope","procedural, scope","procedural, scope","procedural, scope","The agent was asked to list all installed sensors of Chiller 6 at MAIN site, but the final response only confirms that Chiller 6 is among the assets at MAIN site. By Task 2 the agent had the necessary information to answer the question, but it then hallucinates a larger scope and fails to provide a successful final response."
Model_6_Q_607,Model_6,Q_607,Columbia,disagree,True,False,"Task 3, Response; Task 4, Response",,procedural,procedural,,,"The agent is unable to get the failure modes at Chiller 6 that are monitored by the available sensors, but this is due to an error when using the failure mode tool, not due to hallucinatory behavior."
Model_12_Q_606,Model_12,Q_606,Columbia,agree,False,False,,,,,,,The agent's reasoning and final response are consistent with the expected failure modes of Chiller 6 at the MAIN site that can be detected by temperature sensors and power input sensors.
Model_17_Q_603,Model_17,Q_603,Columbia,agree,True,True,"Task 2, Action","Task 2, Action",procedural,procedural,procedural,procedural,"The agent executed 'IoT Data Download' for Task 2 but did not provide a response or relevant data, indicating a skipped or incomplete step necessary for listing the installed sensors of Chiller 6."
Model_7_Q_508,Model_7,Q_508,Columbia,agree,True,True,"Task 5, Response","Task 1, Thought; Task 5, Response","procedural, scope","procedural, scope","procedural, scope","procedural, scope","The agent first hallucinates scope as it does not recognize the current timeframe asked about in the question. Additionally, the agent's final response provides a file path 'daily_event_count_Chiller_6_2020.json' which is not relevant to the task of determining anomalies in Chiller 6's performance metrics for the week of 2020-04-27 at MAIN. "
Model_17_Q_501,Model_17,Q_501,Columbia,agree,True,True,"Task 4, Action","Task 3, Action, Response",procedural ,procedural,"Task 3, Action: factual;
Task 3, Response: factual, referential","factual, referential","The agent encounters a json error in Task 3, but fabricates a final anomaly result and outputs a file path. As a result, the agent in task 4 fails to outputs the result, this is a dependency error rather than a hallucination "
Model_12_Q_504,Model_12,Q_504,Columbia,disagree,True,False,"Task 3, Action",,logical,logical,,,"The agent in Task 3 uses the current date instead of the provided date, but the agent identifies this error and reports it in the output. "
Model_6_Q_505,Model_6,Q_505,Columbia,agree,False,False,,,,,,,All tasks were correctly executed and grounded by the agents
Model_19_Q_501,Model_19,Q_501,Columbia,agree,True,True,"Task 3, Action","Task 3, Thought, Action",procedural ,procedural,"procedural, logical","logical, procedural","The agent generates a work order in Task 3, even though the agent in Task 2 was unable to find the Tonnage data file."
Model_17_Q_620,Model_17,Q_620,Columbia,agree,True,True,"Task 2, Thought; Task 4, Action; Task 5, Thought","Task 3, Action","procedural, factual ","factual, procedural","procedural, referential ","procedural, referential","The agent attempts to retrieve sensor data in Task 3, but obtains Chiller 1 data in the process and remaining agents refer to this as Chiller 6."
Model_19_Q_620,Model_19,Q_620,Columbia,disagree,True,False,"Multiple locations: Task 3 (Action), Task 4 (Action), Task 5 (Action), Task 6 (Action), Task 7 (Action), Task 8 (Action), Task 9 (Action)",,"procedural, factual, referential ","factual, procedural, referential",,,"The agent encounters errors in Tasks 2-5 and correctly report these errors, all remaining tasks are path/sequential failures. Therefore, no hallucinations occured"
Model_12_Q_614,Model_12,Q_614,Columbia,agree,True,True,"Task 4, Observation; Task 7, Response","Task 5, Action, Observation; Task 6, Thought","procedural, factual","factual, procedural","procedural, logical","logical, procedural","The agent goes into a repeated thought-observation loop lasting over 20 steps in Task 5,
with no improvement between steps. Despite this, the agent in Task 6 claims to know all 
relevant sensors and returns an empty conclusion. All remaining tasks are execution 
failures and not hallucinations"
Model_17_Q_611,Model_17,Q_611,Columbia,agree,True,True,"Task 1, Response","Task 1, Response","factual, scope ","factual, scope","factual, scope","factual, scope",The agent incorrectly retrieves Chiller 1 information rather than Chiller 6 in Task 1
Model_6_Q_615,Model_6,Q_615,Columbia,agree,True,True,"Task 4 and Task 5, Response","Task 2, Thought, Action; Task 4, Thought, Action, Response; Task 5, Response",factual ,factual,"factual, procedural ","factual, procedural","The agent is unable to find relevant information in both Tasks 2 and 4, but fabricates an answer in the final thought-observation loop, with no grounded information. The agent in Task 5 then fabricates a solution using no prior information."
Model_19_Q_611,Model_19,Q_611,Columbia,agree,True,True,"Task 1, Thought; Task 2, Action; Task 4, Thought","Task 2, Thought; Task 4, Thought; Task 5, Thought","factual, referential, scope","factual, referential, scope","referential, scope, procedural","procedural, referential, scope","The agent refers to ""Sensor 10"" in Task 2, information retrieved from self-ask rather than a sensor mapping, this is a referential hallucination. The agent in Task 4 then retrieves information about Boiler ABM, which is not related to Chiller 6. In Task 5, the agent produces a final recommendation despite the fact that the preceding tasks did not successfully generate the information needed to justify that conclusion."
Model_16_Q_514,Model_16,Q_514,Columbia,agree,True,True,"Task 2 and Task 6, Action","Task 7, Thought, Response",procedural,procedural,procedural ,procedural,"In Task 7, the agent concludes there are no anomalies, despite the previous tasks' failure to detect anomalies. All other tasks were either successfully executed, or correctly concluded that the task cannot be completed (ex: can't detect anomaly due to missing file)."
Model_7_Q_510,Model_7,Q_510,Columbia,agree,True,True,"Task 1, Thought; Task 3, Action","Task 3, Action","factual, procedural","factual, procedural","procedural, referential ","procedural, referential","In Task 3, the agent treats placeholder filenames (file1.json, file2.json) as real files instead of substituting the actual file paths returned in Tasks 1 and 2. This results in a fabricated reference (hallucination) and results in failure to produce the required merged dataset. Because this merged dataset is a dependency for remaining tasks, all remaining tasks fail (which is expected). "
Model_7_Q_607,Model_7,Q_607,Columbia,disagree,True,False,,"Task 3, Thought, Action; Task 4, Thought, Action",,,referential,referential,"The agent fabricates a sensor file path that was never returned by the sensors tool in both
Tasks 3 and 4. In both tasks, the agent repeatedly attempts to read a non-existent file and 
becomes stuck in loop for several steps- which leads to an incorrect final response."
Model_12_Q_509,Model_12,Q_509,Columbia,agree,True,True,"Task 2, Action; Task 3, Action; Task 4, Action; Task 5, Action; Task 6, Action; Task 7, Action","Task 3, Action; Task 4, Action; Task 5, Action","procedural, scope","procedural, scope",procedural ,procedural,"In Task 2, the agent fails to locate the required JSON file (due to Task 1’s failure). Despite 
this, recommendations are continued to be provided in Tasks 3-5 as if valid anomaly 
results existed. Tasks 6-7 fail due to dependencies from the failure of Tasks 1-2"
Model_6_Q_508,Model_6,Q_508,Columbia,agree,True,True,"Task 2, Action","Task 3, Thought",scope,scope,"procedural, logical","logical, procedural","Although the agent successfully retrieves historical data in Task 1, the agent in Task 2 
doesn't produce any valid anomaly detection output. Despite this, the agents in later tasks 
proceed as if valid anomaly results exist  and incorrectly conclude that no work order
is needed."
Model_17_Q_506,Model_17,Q_506,Columbia,agree,True,True,"Task 4, Response","Task 2, Thought; Task 3, Action; Task 4, Response","factual, scope ","factual, scope","referential, procedural, factual","factual, procedural, referential","In Task 2, the agent fails to download the required JSON file and begins generating file names that do not exist. Despite this, the agent in Task 3 claims an anomaly report has been successfully generated. The agent in Task 4 then procedurally hallucinates by claiming there are 5 anomalies."
Model_12_Q_503,Model_12,Q_503,Columbia,agree,True,True,"Task 2, Action","Task 4, Thought, Response",procedural,procedural,"procedural, factual","factual, procedural","Although the agent successfully downloads data in Task 1, the agent in Task 2 fails to perform anomaly detection due to file format errors. Despite this, the agent in Task 4 still proceeds to filters anomalies and therefore produces a result- indicating a procedural and factual hallucination."
Model_6_Q_502,Model_6,Q_502,Columbia,agree,True,True,"Task 4 and Task 5, Action","Task 3, Response; Task 4, Action",procedural,procedural,"procedural, factual","factual, procedural","The agent hallucinates in Task 3 by claiming it saved filtered data, but doesn't produce a 
file path or output. This false assumption is built on by the agent in Task 4, which attempts 
to forecast using a non-existent dataset file, producing both procedural and factual
hallucinations."
Model_19_Q_506,Model_19,Q_506,Columbia,agree,True,True,"Task 1, Thought","Task 1, Thought",factual,factual,"referential, factual ","factual, referential","In Task 1, the agent ignores the sensor list it already retrieved and instead uses Self-Ask 
to determine sensor presence. This causes uncertainy in sensor selection and leads to 
cascading errors through the remaining tasks (especially Tasks 3-6). "
Model_12_Q_622,Model_12,Q_622,Columbia,agree,True,True,"Task 2, 4, 6, 8; Action/Response","Task 2, 4, 6, 8; Action/Response",procedural ,procedural,procedural ,procedural,"While the agents in Tasks 1, 3, 5, and 7 encounter errors, the agents in Tasks 2, 4, 6, and 8 are stuck in long thought-action loops- indicating hallucinating behavior "
Model_12_Q_613,Model_12,Q_613,Columbia,agree,True,True,"Task 3, Action; Task 4, Observation; Task 6, Observation; Task 8, Action","Task 3, Action; Task 5, Action","procedural, factual ","factual, procedural","procedural, factual","factual, procedural","The agent in Task 3 doesn't successfully downloaded sensor data, it only repeats the output 
(relevant sensors) from Task 4. Because of this missing dependency, Task 4 correctly errors, 
but Task 5 continues as if anomaly detection had run successfully and fabricates results. The 
remaining tasks propagate this failure"
Model_17_Q_616,Model_17,Q_616,Columbia,agree,True,True,"Task 7, Final Response","Task 7, Final Response",factual,factual,factual ,factual,"Although Tasks 1 and 2 correctly generate the failure mode and sensor mapping information, 
the agent in Task 3 doesn’t pull from these results, yet still outputs the correct information. 
Tasks 4 and 5 are redundant, as they simply restate the outputs of Tasks 1 and 2. Finally, Task
7 fabricates a final answer by listing detectable failure modes that are not developed
from previous tasks- indicating a factual hallucination "
Model_6_Q_612,Model_6,Q_612,Columbia,agree,False,False,,,,,,,"The prompt is asking which failure modes are detectable given the available sensors, and does 
not require anomaly detection. Therefore, Task 5 is not required and it's failure does not affect 
the output. Task 6 correctly uses the failure modes from Task 2 and the sensor-to-failure 
mapping from Task 3, so the final answer is valid and grounded."
Model_19_Q_616,Model_19,Q_616,Columbia,agree,True,True,"Task 3, Observation; Task 4, Action","Task 3, Action","referential, scope","referential, scope",scope,scope,"The fails early because the agent in Task 1 does not provide the relevant sensors that were asked. As a result, Task 2 fails because the agent is unable to extract the failure-mode mappings. Meanwhile, Task 3's agent switches to Chiller 4 instead of Chiller 6. Since no valid sensor-to-failure-mode mapping is ever produced, Task 4 has no information to generate an answer. "
Model_16_Q_513,Model_16,Q_513,Columbia,agree,True,True,"Task 2, Thought","Task 2, Thought; Task 3, Action",scope,scope,"scope, procedural, factual","factual, procedural, scope","The agent in task 2 shifts to current-date forecasting instead of the date in context. The agent 
in Task 3 builds on this, and fabricates a forecasting model- despite how no dataset was 
retrieved from Task 1. The remaining 2 tasks fail due to dependencies from these earlier tasks."
Model_7_Q_517,Model_7,Q_517,Columbia,agree,True,True,"Task 3 and Task 4, Action","Task 2, Response",procedural ,procedural,"procedural, factual ","factual, procedural","Task 3 fails to run anomaly detection, resulting in Task 4 being stuck in a thought-action looping
and reaching failure (still not a hallucination because no fabrication of an anomaly output). 
Since no task produces made-up anomalies, the failures in Tasks 3–5 are errors and not
hallucinations. Task 2 is assumed to be successful, even though the trajectory shows a 
truncated output (this is due to the logging format)"
Model_12_Q_619,Model_12,Q_619,Columbia,disagree,False,True,,"Task 3, Thought",,,referential,referential,"The agent in Task 3 fails to use the sensor list already obtained in Task 2. Instead, it attempts to read from an invalid sensor file and, when that fails, guesses a sensor list that is not grounded. The remaining tasks either fail due to missing data dependencies (Tasks 4 and 7) or enter repetitive loops attempting to operate on missing anomaly outputs (Tasks 5 and 6)"
Model_6_Q_618,Model_6,Q_618,Columbia,agree,False,False,,,,,,,All tasks were correctly executed and grounded by the agents
Model_12_Q_621,Model_12,Q_621,Columbia,disagree,True,False,"Task 6, Response",,procedural ,procedural,,,"The agent failed because the anomaly detection step in Task 3 could not run due to dataset 
format issues, and Task 4 repeatedly attempted to process nonexistent anomaly output, 
resulting in a loop. The agent did not fabricate results or claim to have analyzed data in Tasks 5 
and 6, it simply failed to complete the workflow. "
Model_6_Q_620,Model_6,Q_620,Columbia,agree,True,True,"Task 4, Observation; Task 5, Action; Task 6, Observation","Task 2, Thought; Task 5, Action, Response",procedural,procedural,procedural,procedural,"The agent in Task 5 return a merged sensor data, but it only downloads a sensor list file and performed no merge. Task 2 can also be considered a procedural hallucination if we assume that general chiller knowledge is not grounded and information should have rather been retrieved using data/tools"
Model_17_Q_505,Model_17,Q_505,Columbia,agree,True,True,"Task 3, Action; Task 4, Response; Task 5, Response","Task 1, Thought; Task 3, Action; Task 4, Action","procedural, factual","factual, procedural","referential, scope","referential, scope","The agent in Task 1 refers to Chiller 6 as Chiller 1 in its internal reasoning. When the agent in Task 3 realizes there is no question, the agent shifts to finding available sites rather than addressing the forecasting question. The agent in Task 4 behaves the same way. "
Model_19_Q_505,Model_19,Q_505,Columbia,agree,True,True,"Task 5, Final Response","Task 3, Response; Task 4, Thought, Action","procedural, scope","procedural, scope","procedural, scope","procedural, scope","In Task 3, the agent should have performed a tonnage forecast, but instead lists sensors again rather than forecasting (scope hallucination). The agent in Task 4 continues forecast validation even though no forecast was generated in Task 3 (procedural hallucination). "
Model_6_Q_501,Model_6,Q_501,Columbia,agree,False,False,,,,,,,All tasks were correctly executed and grounded by the agents
Model_7_Q_604,Model_7,Q_604,Columbia,agree,False,False,,,,,,,All tasks were correctly executed and grounded by the agents
Model_16_Q_510,Model_16,Q_510,Columbia,agree,True,True,"Task 1, Action","Task 2, Action; Task 3, Action",referential,referential,"referential, factual ","factual, referential","The agent in Task 2 attempts to use a file path that was never surfaced in Task 1’s final output. 
Since the file reference was not properly carried forward, Task 3 subsequently fails to locate
the data and proceeds by constructing alternative file paths."
Model_7_Q_514,Model_7,Q_514,Columbia,disagree,True,False,"Task 1, Action",,factual,factual,,,"Task 3 and Task 4 failed due to incorrect input format and procedural errors, and Task 5 produced no output because anomaly detection never succeeded- this does not show hallucinatory behavior."
Model_12_Q_610,Model_12,Q_610,Columbia,agree,True,True,"Task 2, Response","Task 6, Thought, Action",factual,factual,factual ,factual,"The agent in Task 6 fails to retrieve the sensor list and instead guesses the answer
(temperature or pressure sensor), even though specific relevant sensors were already found in
earlier tasks."
Model_17_Q_615,Model_17,Q_615,IBM,disagree,False,True,,Task 2,,,procedural,procedural,"Task 2 does not have trajectories so it is unclear, Task 2 & 3 is repeat (loop). Does not ask for historical data for machine learning task"
Model_19_Q_615,Model_19,Q_615,IBM,agree,False,False,,,,,,,
Model_6_Q_611,Model_6,Q_611,IBM,agree,True,False,"Task 3, Final Response",,procedural,procedural,,,Seems like agent encountered errors while trying to read the sensor list from the file. Agent correctly informed the unavailability of the sensor list due to an error
Model_7_Q_609,Model_7,Q_609,IBM,agree,False,False,,,,,,,
Model_17_Q_502,Model_17,Q_502,IBM,agree,True,True,"Task 3 and Task 4, Action","Task 3 and Task 4, Action",procedural,procedural,procedural,procedural,Agent tried 3 times in step 3 before giving up correctly. Should it have tried another approach?
Model_12_Q_507,Model_12,Q_507,IBM,agree,True,True,"Task 2, 3, 5, 6; Action",,procedural,procedural,procedural,procedural,
Model_19_Q_502,Model_19,Q_502,IBM,disagree,True,False,"Task 5, Observation",,factual,factual,,,The agent correctly use the file path but it does not exists
Model_6_Q_506,Model_6,Q_506,IBM,agree,True,True,"Task 1, Thought: The agent's response indicates uncertainty about the 'Condenser Water Flow' sensor for Chiller 9.",Task 1,factual,factual,factual,factual,First task finds no sensors and then in task 2 it is downloading from tmp/cbmdir/18f10402-3a97-4d16-ba27-b430b7ba1bdb.json
Model_17_Q_508,Model_17,Q_508,IBM,agree,True,True,"Task 4 and Task 5, Observation/Response","Task1, Task 4 and Task 5, Observation/Response",procedural,procedural,"logical, procedural","logical, procedural","Task 1 agen ""IoT Data Download"" is a wrong agent for task 1"
Model_19_Q_508,Model_19,Q_508,IBM,agree,False,False,,,,,,,
Model_7_Q_603,Model_7,Q_603,IBM,agree,True,,"Task 8, Action","Task2, Task 5 and Task 8",scope,scope,scope,scope,"Task 2 uses date range which it is invented the original task does not mention any date or date range,
Task 5 list failure modes which are not related to main task"
Model_17_Q_618,Model_17,Q_618,IBM,agree,True,True,"Task 1, Thought; Task 2, Thought; Task 3, Thought","Task 1, Thought; Task 2, Thought; Task 3, Thought","logical, factual","factual, logical","logical, factual","factual, logical",
Model_19_Q_618,Model_19,Q_618,IBM,agree,False,False,,,,,,,
Model_7_Q_513,Model_7,Q_513,IBM,agree,True,True,"Task 4, Task 5, Task 6, Task 7","Task1, Task 4, Task 5, Task 6, Task 7","procedural, scope","procedural, scope","procedural, scope, logical","logical, procedural, scope","In Task 1, The agent uses wrong timeframe (just a day instead of a week)"
Model_7_Q_519,Model_7,Q_519,IBM,agree,True,True,"Task 2, Action; Task 3, Action; Task 4, Action","Task1, Task 2, Action; Task 3, Action; Task 4, Action",procedural,procedural,"procedural, scope, logical","logical, procedural, scope","In Task 1, The agent uses wrong timeframe (just a day instead of a week). Agent goes in a loop to convert json to csv. The agent has not given any explanation of why it is trying to convert the downloaded file content to CSV"
Model_12_Q_617,Model_12,Q_617,IBM,agree,True,True,"Task 8, Final Response","Task 1, Task 3, Task 8 final response",scope,scope,scope,scope,"Task 1 & Task 4: agent mistakenly associates failure with overheating
Task 3: agent mistakenly associates failure with loose wiring
Task 8: it provides information about relevant sensors for monitoring failures that cause a drop in power input, which is a different task."
Model_17_Q_612,Model_17,Q_612,IBM,agree,False,False,,,,,,,
Model_19_Q_612,Model_19,Q_612,IBM,disagree,True,False,"Task 4 and Task 8, Response",,"factual, scope ","factual, scope",,,Agent correctly responds to the question
Model_6_Q_616,Model_6,Q_616,IBM,agree,False,False,,,,,,,
Model_7_Q_518,Model_7,Q_518,IBM,agree,True,True,"Task 2, Action; Task 3, Action; Task 4, Action","Task1 action, Task 2, thought,Action; Task 3, Action; Task 4, Action","[procedural, factual]","factual, procedural","[procedural, factual]","factual, procedural","Uses wrong time range (day instead of week), Unnecessarily convert json to csv"
Model_19_Q_613,Model_19,Q_613,IBM,agree,True,True,"Task 1 and Task 2, Action: IoT Data Download; Task 3, Action: Failure Mode and Sensor Relevancy Expert for Industrial Asset; Task 4, Action: Time Series Analytics and Forecasting; Task 5, Action: Time Series Analytics and Forecasting; Task 6, Action: Time Series Analytics and Forecasting; Task 8, Action: SummarizationAgent","Task 1 action and Task 2, Action: IoT Data Download; Task 3, Action: Failure Mode and Sensor Relevancy Expert for Industrial Asset; Task 4, Action: Time Series Analytics and Forecasting; Task 5, Action: Time Series Analytics and Forecasting; Task 6, Action: Time Series Analytics and Forecasting; Task 8, Action: SummarizationAgent","[procedural, scope]","procedural, scope","[procedural, factual, scope]","factual, procedural, scope",Task 1 uses fictitious date range
Model_6_Q_617,Model_6,Q_617,IBM,agree,False,False,,,,,,,
Model_17_Q_613,Model_17,Q_613,IBM,disagree,True,True,"Task 4, Observation",Task 7 thought,factual,factual,"factual, procedural ","factual, procedural",Task 3 Action contains string with space in every character. Agent understood that it used the wrong Chiller (3rd instead of 6th) hence no hallucination in task 4 however it is present in Task 7.
Model_12_Q_616,Model_12,Q_616,IBM,agree,False,False,,,,,,,The trajectory took the longer route but reached to correct output
Model_19_Q_619,Model_19,Q_619,IBM,agree,True,True,"Task 5, Action","Task 5, Action",procedural,procedural,procedural,procedural,
Model_17_Q_619,Model_17,Q_619,IBM,disagree,False,True,,"Task 2, observation",,,logical,logical,"Task 1 identified 2 failures 'Evaporator Water side fouling' and  'Refrigerant Operated Control Valve Failed spring', however task 2 just got 1 and there is no explanation of discarding other"
Model_7_Q_512,Model_7,Q_512,IBM,disagree,True,True,"Task 1, Action: IoT Data Download; Task 2, Action: Time Series Analytics and Forecasting; Task 3, Action: WorkOrder Agent","Task 1, Action: IoT Data Download; Task 2, Action: Time Series Analytics and Forecasting; Task 3, Action: WorkOrder Agent",procedural,procedural,"logical, procedural","logical, procedural","Agent used wrong week, the week of 2020-04-27 starts at 27 not ends at 27. Task 1, Action: IoT Data Download; Task 2, Action: Time Series Analytics and Forecasting; Task 3, Action: WorkOrder Agent"
Model_19_Q_509,Model_19,Q_509,IBM,disagree,True,True,"Task 5 and Task 6, Thought and Response","Task3 Action, Task 4, Task 5","scope,procedural","procedural, scope","scope,procedural, factual","factual, procedural, scope",Task 3 Action invents Chiller ABM. Task 4 tries to generate a work order for detected anomalies which is not required. Task 4 invents completely random date
Model_17_Q_509,Model_17,Q_509,IBM,disagree,True,True,"Task 5, Final Response","Task 3 Agent, Task3 thought, action observation","scope,procedural","procedural, scope","scope,procedural, logical","logical, procedural, scope","Task 3 tries to generate a work order for detected anomalies which is not required. Task3 thought, action observation goes in a loop"
Model_7_Q_602,Model_7,Q_602,IBM,agree,True,True,"Task 3, Response","Task 3, Response",factual,factual,factual,factual,
Model_19_Q_622,Model_19,Q_622,IBM,disagree,True,True,"Task 2, Response","Task1 thought, action, Task 2 thought, action, Task 3 thought, task 4,5,6,7,8","factual, scope ","factual, scope","factual, procedural, logical, scope","factual, logical, procedural, scope","Task 1 thought,action are on wrong path, Task 2 thought, action trying to use output from task 1 instead of provided csv file, Using specific equipment CU02013. Task 2 goes in a loop. "
Model_7_Q_608,Model_7,Q_608,IBM,agree,True,True,"Task 5 and Task 6, Final Response","Task 5 and Task 6, Final Response",factual,factual,factual,factual,
Model_17_Q_622,Model_17,Q_622,IBM,disagree,True,True,"Task 2, Action","Task 1 action, Task 3 thought, action",factual,factual,"factual, procedural, logical, scope","factual, logical, procedural, scope","Task 1 action text contains a space in every characters. Task 3 thought action contains only new line content, all other task does all kinds of hallucinations"
Model_19_Q_503,Model_19,Q_503,IBM,disagree,True,True,"Task 5, Action: Time Series Analytics and Forecasting","Task 6 thought, action",procedural,procedural,"Scope, procedural","procedural, scope",Task 6 is trying to created work order which is not required. Task 5 failed but still provided final answer to next step
Model_6_Q_507,Model_6,Q_507,IBM,agree,True,True,"Task 3 and Task 4, Action","Task 3 and Task 4, Action",procedural,procedural,procedural,procedural,
Model_12_Q_506,Model_12,Q_506,IBM,disagree,True,True,"Task 4, Action","Task 1 Action, Task 5 action",factual,factual,"factual, ",factual,Task 1 & 2 Action uses wrong start date
Model_17_Q_503,Model_17,Q_503,IBM,agree,True,True,"Task 4, Response","Task 4, Response","factual,scope","factual, scope","factual,scope","factual, scope",Task4 invented anomalies even after anomaly_report.json failed
Model_19_Q_614,Model_19,Q_614,IBM,disagree,False,True,,"Task1, Task3, Task 4",,,"Scope, factual ","factual, scope","Task 1 uses a invented date range, task_number 3 does not have any trajectory logs, trajectory and history. Task 4 ask for sensors list which are not required"
Model_6_Q_610,Model_6,Q_610,IBM,agree,True,True,"Task 1 and Task 2, Final Response","Task 1 and Task 2, Final Response","factual,scope","factual, scope","factual,scope","factual, scope",The agent's response 'temperature sensor' is not specific to the available sensors for Chiller 6
Model_17_Q_614,Model_17,Q_614,IBM,agree,True,True,"Task 5 and Task 6, Final Response","Task3 Action, Task 5 and Task 6, Final Response","procedural, factual","factual, procedural","procedural, factual","factual, procedural","Task 3 uses invented date range, Task 5 and Task 6, Final Response"
Model_12_Q_611,Model_12,Q_611,IBM,agree,True,True,"Task 2, Response","Task 2, Response",factual,factual,factual,factual,
Model_7_Q_515,Model_7,Q_515,IBM,disagree,False,True,,"Task 2 action and respone, Task 5",,,,,"Task 2 question does not make sense, "
Model_16_Q_511,Model_16,Q_511,IBM,agree,True,True,"Task 2, Action",Task 2 action and respone,procedural,procedural,"procedural, logical","logical, procedural",Task 2 start using current date for calculating next week instead of given date
Model_7_Q_605,Model_7,Q_605,IBM,agree,False,False,,,,,,,
Model_6_Q_621,Model_6,Q_621,IBM,agree,True,True,"Task 1, Thought","Task 1, Thought",scope,scope,scope,scope,The agent is asked about Chiller tonnage but retrieves data for Chiller 4
Model_12_Q_620,Model_12,Q_620,IBM,disagree,True,True,"Task 2, Response",Task 7,factual,factual,procedural,procedural,Task 7 trying to get sensor list without accessing it from Task 4
Model_19_Q_504,Model_19,Q_504,IBM,agree,True,True,"Task 5, Action","Task 5, Action",procedural,procedural,procedural,procedural,
Model_12_Q_501,Model_12,Q_501,IBM,disagree,True,True,"Task 7, Final Response","Task 5, Task 6, Task 7","scope, procedural","procedural, scope","scope, procedural","procedural, scope","Task 5 check for recommendation for a work order if necessary which is not required to original ask, Task 6: retrieve the preventive work order details, which is not asked"
Model_17_Q_504,Model_17,Q_504,IBM,disagree,True,True,"Task 7, Action",Task 1,procedural,procedural,scope,scope,Task 1 uses a wrong date range
Model_7_Q_516,Model_7,Q_516,IBM,disagree,True,True,"Task 2, Action; Task 3, Action; Task 4, Action","Task 1 Action, Task 2, Action; Task 3, Action; Task 4, Action","procedural, logical","logical, procedural","procedural, logical","logical, procedural",Task 1 uses wrong date range
Model_16_Q_512,Model_16,Q_512,IBM,agree,True,True,"Task 3 and Task 4, Thought and Action","Task 3 and Task 4, Thought and Action","procedural, scope","procedural, scope","procedural, scope","procedural, scope",Task 4 wrongly uses WorkOrder Agent to detect anomalies 
Model_6_Q_619,Model_6,Q_619,IBM,agree,False,False,,,,,,,
Model_12_Q_618,Model_12,Q_618,IBM,disagree,True,True,"Task 6 and Task 8, Action","Task 5, Task 6, Task 7, Task 8","procedural, scope","procedural, scope","procedural, scope, logical","logical, procedural, scope","Task 5 uses Time Series Analytics and Forecasting to get the list of AI last, Task 6 tries to create work order which is not part of original instruction"
Model_6_Q_613,Model_6,Q_613,IBM,disagree,False,True,,"Task 5, Task 6",logical scope,"logical, scope","Task 5 trying to create work order which is not required , Task 6 provides the output even though previous last failed - not sure where those results are obtained",,
Model_19_Q_617,Model_19,Q_617,IBM,agree,True,True,"Task 4 and Task 6, Action and Response","Task 4 and Task 6, Action and Response","procedural, scope","procedural, scope","procedural, scope","procedural, scope",
Model_17_Q_617,Model_17,Q_617,IBM,agree,True,True,"Task 8, Response","Task 8, Response",scope,scope,scope,scope,The agent's response is a repetition of a previous answer (Task 1) without any new context or reasoning
Model_12_Q_612,Model_12,Q_612,IBM,disagree,False,True,,Task 4 & Task 5,,,procedural,procedural,Task 4 and 5 are repeat of task 1 and task 2
Model_6_Q_503,Model_6,Q_503,IBM,agree,True,True,"Task 2 and Task 3, Action and Response","Task 2 and Task 3, Action and Response",procedural,procedural,procedural,procedural,
Model_19_Q_507,Model_19,Q_507,IBM,agree,True,True,"Task 1, Thought","Task 1, Thought",procedural,procedural,procedural,procedural,
Model_12_Q_502,Model_12,Q_502,IBM,agree,True,True,"Task 3, Action; Task 8, Response","Task 3, Action; Task 8, Response","procedural, factual","factual, procedural","procedural, factual","factual, procedural",
Model_17_Q_507,Model_17,Q_507,IBM,disagree,True,True,"Task 2 and Task 3, Action","Task 1 thought, Task 2 and Task 3, Action",procedural,procedural,"factual, procedural","factual, procedural",Task 1 thought is using chiller 1 instead of 9
Model_6_Q_622,Model_6,Q_622,IBM,agree,True,True,"Task 2, Response; Task 3, Response","Task 2, Response; Task 3, Response",procedural,procedural,procedural,procedural,
Model_7_Q_606,Model_7,Q_606,IBM,agree,False,False,,,,,,,
Model_6_Q_509,Model_6,Q_509,IBM,disagree,True,True,"Task 2 and Task 3, Action and Response","Task1 Action, Task 2 and Task 3, Action and Response",procedural,procedural,"logical, procedural","logical, procedural",Task 1 uses wrong end date ( 5/5 instead of 5/3 ). Task 2 missing trajectory
Model_12_Q_508,Model_12,Q_508,IBM,disagree,True,True,"Task 4, Action; Task 5, Action; Task 7, Action","Task 1, Task 2, Task 4, Action; Task 5, Action; Task 7, Action""","procedural, logical","logical, procedural","procedural, logical, factual","factual, logical, procedural","Task 1 response , Task 2 response got wrong date for beginning of the week , task 2 using download agent for calculating end date of week, Task 5 is trying to create work order which is not required"
Model_7_Q_511,Model_7,Q_511,IBM,agree,True,True,"Task 1, Action","Task 1, Action","factual, procedural","factual, procedural","factual, procedural","factual, procedural",Task 1 uses day range instead of week range
Model_16_Q_515,Model_16,Q_515,IBM,agree,True,True,"Task 2, Action","Task 2, Action",procedural,procedural,procedural,procedural,"Task 2, Action: The agent used 'IoT Data Download' to calculate the start and end dates for next week"
Model_6_Q_614,Model_6,Q_614,IBM,disagree,True,True,"Task 6, Final Response","Task 5 action, Task 6, Final Response","factual, procedural","factual, procedural","factual, procedural","factual, procedural",Task 5 invents the results even task 4 reported empty json file
Model_19_Q_610,Model_19,Q_610,IBM,disagree,True,True,"Task 7, Final Response","Task 5, Task 6, Task 7, Final Response",factual,factual,"factual, scope","factual, scope",The agent's final response 'temperature sensor' is not grounded in the provided input. Task 4 does not have trajectory logs or trajectory. Task 5 & 6 doing things which are not required 
Model_17_Q_610,Model_17,Q_610,IBM,agree,True,True,"Task 5, Final Response","Task 5, Final Response","scope, procedural","procedural, scope","scope, procedural","procedural, scope",Task 2 does not have trajectory logs or trajectory
Model_12_Q_615,Model_12,Q_615,IBM,disagree,False,True,,Task 6 and Task 7,,,procedural,procedural,"output is not grounded, there is no use of machine learning "
Model_6_Q_504,Model_6,Q_504,IBM,agree,True,True,"Task 2 and Task 3, Action and Response","Task 2 and Task 3, Action and Response",procedural,procedural,procedural,procedural,task 3 not declaring failure
Model_12_Q_505,Model_12,Q_505,IBM,disagree,True,True,"Task 2 and Task 5, Action: IoT Data Download","Task 2, Task 4 and Task 5, Action: IoT Data Download","procedural, factual","factual, procedural","procedural, factual","factual, procedural","Task 2 uses IoT Downloaded to calculate week start date, Task 4 and Task 5 are doing repetitive thing"
Model_19_Q_621,Model_19,Q_621,IBM,disagree,True,True,"Task 2, Observation; Task 3, Action; Task 4, Action; Task 5, Action and Response","Task 1, Task 2, Observation; Task 3, Action; Task 4, Action; Task 5, Action and Response",procedural,procedural,"scope, procedural","procedural, scope",Task 1 The agent is asked about Chiller tonnage but retrieves data for Chiller 4
Model_17_Q_621,Model_17,Q_621,IBM,agree,True,True,"Task 1, Thought; Task 2, Thought; Task 3, Thought; Task 4, Thought; Task 5, Thought","Task 1, Thought; Task 2, Thought; Task 3, Thought; Task 4, Thought; Task 5, Thought","scope, factual","factual, scope","scope, factual","factual, scope",
Model_7_Q_601,Model_7,Q_601,IBM,disagree,False,True,,"Task 3,4,5,7,8",,,"scope, procedural","procedural, scope","Task 3, Task 4, Task 5, Task 7, Task 8 - Using IoT Downloaded to read and manipulate  JSON file"
Model_7_Q_520,Model_7,Q_520,IBM,disagree,True,True,"Task 2, Action; Task 3, Action; Task 4, Action",All tasks,procedural,procedural,"Factual, logical, Procedural","factual, logical, procedural","Task 1 action uses a wrong date range , Task 2 trying to get pretrained models even when previous step failed, Task 3 uses IoT Data Download agent to read json file, Task 3 action uses wrong file name"
